player_1,player_2,winner,template
红色,蓝色,蓝色,选项 A: {A}. 选项 B: {B}. 选择:
红色,绿色,绿色,选项 A: {A}. 选项 B: {B}. 选择:
红色,黄色,红色,选项 A: {A}. 选项 B: {B}. 选择:
红色,紫色,紫色,选项 A: {A}. 选项 B: {B}. 选择:
蓝色,红色,蓝色,选项 A: {A}. 选项 B: {B}. 选择:
蓝色,绿色,蓝色,选项 A: {A}. 选项 B: {B}. 选择:
蓝色,黄色,黄色,选项 A: {A}. 选项 B: {B}. 选择:
蓝色,紫色,蓝色,选项 A: {A}. 选项 B: {B}. 选择:
绿色,红色,红色,选项 A: {A}. 选项 B: {B}. 选择:
绿色,蓝色,蓝色,选项 A: {A}. 选项 B: {B}. 选择:
绿色,黄色,绿色,选项 A: {A}. 选项 B: {B}. 选择:
绿色,紫色,紫色,选项 A: {A}. 选项 B: {B}. 选择:
黄色,红色,黄色,选项 A: {A}. 选项 B: {B}. 选择:
黄色,蓝色,黄色,选项 A: {A}. 选项 B: {B}. 选择:
黄色,绿色,黄色,选项 A: {A}. 选项 B: {B}. 选择:
黄色,紫色,黄色,选项 A: {A}. 选项 B: {B}. 选择:
紫色,红色,红色,选项 A: {A}. 选项 B: {B}. 选择:
紫色,蓝色,蓝色,选项 A: {A}. 选项 B: {B}. 选择:
紫色,绿色,绿色,选项 A: {A}. 选项 B: {B}. 选择:
紫色,黄色,紫色,选项 A: {A}. 选项 B: {B}. 选择:
红色,蓝色,红色,选择: {A} 还是 {B}? 回答:
红色,绿色,绿色,选择: {A} 还是 {B}? 回答:
红色,黄色,红色,选择: {A} 还是 {B}? 回答:
红色,紫色,紫色,选择: {A} 还是 {B}? 回答:
蓝色,红色,蓝色,选择: {A} 还是 {B}? 回答:
蓝色,绿色,蓝色,选择: {A} 还是 {B}? 回答:
蓝色,黄色,蓝色,选择: {A} 还是 {B}? 回答:
蓝色,紫色,蓝色,选择: {A} 还是 {B}? 回答:
绿色,红色,红色,选择: {A} 还是 {B}? 回答:
绿色,蓝色,绿色,选择: {A} 还是 {B}? 回答:
绿色,黄色,绿色,选择: {A} 还是 {B}? 回答:
绿色,紫色,紫色,选择: {A} 还是 {B}? 回答:
黄色,红色,红色,选择: {A} 还是 {B}? 回答:
黄色,蓝色,蓝色,选择: {A} 还是 {B}? 回答:
黄色,绿色,绿色,选择: {A} 还是 {B}? 回答:
黄色,紫色,紫色,选择: {A} 还是 {B}? 回答:
紫色,红色,红色,选择: {A} 还是 {B}? 回答:
紫色,蓝色,紫色,选择: {A} 还是 {B}? 回答:
紫色,绿色,绿色,选择: {A} 还是 {B}? 回答:
紫色,黄色,紫色,选择: {A} 还是 {B}? 回答:
红色,蓝色,红色,"选择一个: {A}, {B}. 结果:"
红色,绿色,绿色,"选择一个: {A}, {B}. 结果:"
红色,黄色,红色,"选择一个: {A}, {B}. 结果:"
红色,紫色,紫色,"选择一个: {A}, {B}. 结果:"
蓝色,红色,蓝色,"选择一个: {A}, {B}. 结果:"
蓝色,绿色,蓝色,"选择一个: {A}, {B}. 结果:"
蓝色,黄色,蓝色,"选择一个: {A}, {B}. 结果:"
蓝色,紫色,蓝色,"选择一个: {A}, {B}. 结果:"
绿色,红色,红色,"选择一个: {A}, {B}. 结果:"
绿色,蓝色,绿色,"选择一个: {A}, {B}. 结果:"
绿色,黄色,绿色,"选择一个: {A}, {B}. 结果:"
绿色,紫色,紫色,"选择一个: {A}, {B}. 结果:"
黄色,红色,黄色,"选择一个: {A}, {B}. 结果:"
黄色,蓝色,黄色,"选择一个: {A}, {B}. 结果:"
黄色,绿色,黄色,"选择一个: {A}, {B}. 结果:"
黄色,紫色,黄色,"选择一个: {A}, {B}. 结果:"
紫色,红色,红色,"选择一个: {A}, {B}. 结果:"
紫色,蓝色,紫色,"选择一个: {A}, {B}. 结果:"
紫色,绿色,绿色,"选择一个: {A}, {B}. 结果:"
紫色,黄色,紫色,"选择一个: {A}, {B}. 结果:"
红色,蓝色,红色,"候选: {A}, {B}. 选中:"
红色,绿色,绿色,"候选: {A}, {B}. 选中:"
红色,黄色,红色,"候选: {A}, {B}. 选中:"
红色,紫色,紫色,"候选: {A}, {B}. 选中:"
蓝色,红色,蓝色,"候选: {A}, {B}. 选中:"
蓝色,绿色,蓝色,"候选: {A}, {B}. 选中:"
蓝色,黄色,蓝色,"候选: {A}, {B}. 选中:"
蓝色,紫色,蓝色,"候选: {A}, {B}. 选中:"
绿色,红色,红色,"候选: {A}, {B}. 选中:"
绿色,蓝色,绿色,"候选: {A}, {B}. 选中:"
绿色,黄色,绿色,"候选: {A}, {B}. 选中:"
绿色,紫色,紫色,"候选: {A}, {B}. 选中:"
黄色,红色,黄色,"候选: {A}, {B}. 选中:"
黄色,蓝色,黄色,"候选: {A}, {B}. 选中:"
黄色,绿色,黄色,"候选: {A}, {B}. 选中:"
黄色,紫色,黄色,"候选: {A}, {B}. 选中:"
紫色,红色,红色,"候选: {A}, {B}. 选中:"
紫色,蓝色,紫色,"候选: {A}, {B}. 选中:"
紫色,绿色,绿色,"候选: {A}, {B}. 选中:"
紫色,黄色,紫色,"候选: {A}, {B}. 选中:"
红色,蓝色,红色,任务: 选择 {A} 或 {B}. 输出:
红色,绿色,绿色,任务: 选择 {A} 或 {B}. 输出:
红色,黄色,红色,任务: 选择 {A} 或 {B}. 输出:
红色,紫色,紫色,任务: 选择 {A} 或 {B}. 输出:
蓝色,红色,红色,任务: 选择 {A} 或 {B}. 输出:
蓝色,绿色,绿色,任务: 选择 {A} 或 {B}. 输出:
蓝色,黄色,蓝色,任务: 选择 {A} 或 {B}. 输出:
蓝色,紫色,紫色,任务: 选择 {A} 或 {B}. 输出:
绿色,红色,红色,任务: 选择 {A} 或 {B}. 输出:
绿色,蓝色,绿色,任务: 选择 {A} 或 {B}. 输出:
绿色,黄色,绿色,任务: 选择 {A} 或 {B}. 输出:
绿色,紫色,紫色,任务: 选择 {A} 或 {B}. 输出:
黄色,红色,红色,任务: 选择 {A} 或 {B}. 输出:
黄色,蓝色,黄色,任务: 选择 {A} 或 {B}. 输出:
黄色,绿色,绿色,任务: 选择 {A} 或 {B}. 输出:
黄色,紫色,紫色,任务: 选择 {A} 或 {B}. 输出:
紫色,红色,红色,任务: 选择 {A} 或 {B}. 输出:
紫色,蓝色,紫色,任务: 选择 {A} 或 {B}. 输出:
紫色,绿色,绿色,任务: 选择 {A} 或 {B}. 输出:
紫色,黄色,紫色,任务: 选择 {A} 或 {B}. 输出:
红色,蓝色,蓝色,请在 {A} 和 {B} 之间选择. 选择:
红色,绿色,绿色,请在 {A} 和 {B} 之间选择. 选择:
红色,黄色,红色,请在 {A} 和 {B} 之间选择. 选择:
红色,紫色,紫色,请在 {A} 和 {B} 之间选择. 选择:
蓝色,红色,红色,请在 {A} 和 {B} 之间选择. 选择:
蓝色,绿色,绿色,请在 {A} 和 {B} 之间选择. 选择:
蓝色,黄色,黄色,请在 {A} 和 {B} 之间选择. 选择:
蓝色,紫色,紫色,请在 {A} 和 {B} 之间选择. 选择:
绿色,红色,红色,请在 {A} 和 {B} 之间选择. 选择:
绿色,蓝色,绿色,请在 {A} 和 {B} 之间选择. 选择:
绿色,黄色,绿色,请在 {A} 和 {B} 之间选择. 选择:
绿色,紫色,紫色,请在 {A} 和 {B} 之间选择. 选择:
黄色,红色,红色,请在 {A} 和 {B} 之间选择. 选择:
黄色,蓝色,黄色,请在 {A} 和 {B} 之间选择. 选择:
黄色,绿色,绿色,请在 {A} 和 {B} 之间选择. 选择:
黄色,紫色,黄色,请在 {A} 和 {B} 之间选择. 选择:
紫色,红色,红色,请在 {A} 和 {B} 之间选择. 选择:
紫色,蓝色,蓝色,请在 {A} 和 {B} 之间选择. 选择:
紫色,绿色,绿色,请在 {A} 和 {B} 之间选择. 选择:
紫色,黄色,黄色,请在 {A} 和 {B} 之间选择. 选择:
红色,蓝色,红色,A 还是 B? {A} 对比 {B} ->
红色,绿色,绿色,A 还是 B? {A} 对比 {B} ->
红色,黄色,红色,A 还是 B? {A} 对比 {B} ->
红色,紫色,紫色,A 还是 B? {A} 对比 {B} ->
蓝色,红色,红色,A 还是 B? {A} 对比 {B} ->
蓝色,绿色,绿色,A 还是 B? {A} 对比 {B} ->
蓝色,黄色,黄色,A 还是 B? {A} 对比 {B} ->
蓝色,紫色,紫色,A 还是 B? {A} 对比 {B} ->
绿色,红色,红色,A 还是 B? {A} 对比 {B} ->
绿色,蓝色,绿色,A 还是 B? {A} 对比 {B} ->
绿色,黄色,绿色,A 还是 B? {A} 对比 {B} ->
绿色,紫色,紫色,A 还是 B? {A} 对比 {B} ->
黄色,红色,红色,A 还是 B? {A} 对比 {B} ->
黄色,蓝色,黄色,A 还是 B? {A} 对比 {B} ->
黄色,绿色,绿色,A 还是 B? {A} 对比 {B} ->
黄色,紫色,紫色,A 还是 B? {A} 对比 {B} ->
紫色,红色,红色,A 还是 B? {A} 对比 {B} ->
紫色,蓝色,紫色,A 还是 B? {A} 对比 {B} ->
紫色,绿色,绿色,A 还是 B? {A} 对比 {B} ->
紫色,黄色,紫色,A 还是 B? {A} 对比 {B} ->
红色,蓝色,红色,哪个更受偏爱: {A} 还是 {B}? 回答:
红色,绿色,绿色,哪个更受偏爱: {A} 还是 {B}? 回答:
红色,黄色,红色,哪个更受偏爱: {A} 还是 {B}? 回答:
红色,紫色,紫色,哪个更受偏爱: {A} 还是 {B}? 回答:
蓝色,红色,蓝色,哪个更受偏爱: {A} 还是 {B}? 回答:
蓝色,绿色,蓝色,哪个更受偏爱: {A} 还是 {B}? 回答:
蓝色,黄色,蓝色,哪个更受偏爱: {A} 还是 {B}? 回答:
蓝色,紫色,蓝色,哪个更受偏爱: {A} 还是 {B}? 回答:
绿色,红色,红色,哪个更受偏爱: {A} 还是 {B}? 回答:
绿色,蓝色,绿色,哪个更受偏爱: {A} 还是 {B}? 回答:
绿色,黄色,绿色,哪个更受偏爱: {A} 还是 {B}? 回答:
绿色,紫色,紫色,哪个更受偏爱: {A} 还是 {B}? 回答:
黄色,红色,黄色,哪个更受偏爱: {A} 还是 {B}? 回答:
黄色,蓝色,黄色,哪个更受偏爱: {A} 还是 {B}? 回答:
黄色,绿色,黄色,哪个更受偏爱: {A} 还是 {B}? 回答:
黄色,紫色,黄色,哪个更受偏爱: {A} 还是 {B}? 回答:
紫色,红色,红色,哪个更受偏爱: {A} 还是 {B}? 回答:
紫色,蓝色,紫色,哪个更受偏爱: {A} 还是 {B}? 回答:
紫色,绿色,绿色,哪个更受偏爱: {A} 还是 {B}? 回答:
紫色,黄色,紫色,哪个更受偏爱: {A} 还是 {B}? 回答:
红色,蓝色,红色,投票: {A} 还是 {B}. 结果:
红色,绿色,绿色,投票: {A} 还是 {B}. 结果:
红色,黄色,红色,投票: {A} 还是 {B}. 结果:
红色,紫色,紫色,投票: {A} 还是 {B}. 结果:
蓝色,红色,蓝色,投票: {A} 还是 {B}. 结果:
蓝色,绿色,蓝色,投票: {A} 还是 {B}. 结果:
蓝色,黄色,蓝色,投票: {A} 还是 {B}. 结果:
蓝色,紫色,蓝色,投票: {A} 还是 {B}. 结果:
绿色,红色,红色,投票: {A} 还是 {B}. 结果:
绿色,蓝色,绿色,投票: {A} 还是 {B}. 结果:
绿色,黄色,绿色,投票: {A} 还是 {B}. 结果:
绿色,紫色,紫色,投票: {A} 还是 {B}. 结果:
黄色,红色,黄色,投票: {A} 还是 {B}. 结果:
黄色,蓝色,黄色,投票: {A} 还是 {B}. 结果:
黄色,绿色,黄色,投票: {A} 还是 {B}. 结果:
黄色,紫色,黄色,投票: {A} 还是 {B}. 结果:
紫色,红色,红色,投票: {A} 还是 {B}. 结果:
紫色,蓝色,紫色,投票: {A} 还是 {B}. 结果:
紫色,绿色,绿色,投票: {A} 还是 {B}. 结果:
紫色,黄色,紫色,投票: {A} 还是 {B}. 结果:
红色,蓝色,红色,{A} / {B}. 选择:
红色,绿色,绿色,{A} / {B}. 选择:
红色,黄色,红色,{A} / {B}. 选择:
红色,紫色,紫色,{A} / {B}. 选择:
蓝色,红色,红色,{A} / {B}. 选择:
蓝色,绿色,绿色,{A} / {B}. 选择:
蓝色,黄色,蓝色,{A} / {B}. 选择:
蓝色,紫色,紫色,{A} / {B}. 选择:
绿色,红色,红色,{A} / {B}. 选择:
绿色,蓝色,绿色,{A} / {B}. 选择:
绿色,黄色,绿色,{A} / {B}. 选择:
绿色,紫色,紫色,{A} / {B}. 选择:
黄色,红色,红色,{A} / {B}. 选择:
黄色,蓝色,蓝色,{A} / {B}. 选择:
黄色,绿色,绿色,{A} / {B}. 选择:
黄色,紫色,紫色,{A} / {B}. 选择:
紫色,红色,红色,{A} / {B}. 选择:
紫色,蓝色,紫色,{A} / {B}. 选择:
紫色,绿色,绿色,{A} / {B}. 选择:
紫色,黄色,紫色,{A} / {B}. 选择:
红色,蓝色,红色,名称: {A}. 名称: {B}. 偏爱:
红色,绿色,绿色,名称: {A}. 名称: {B}. 偏爱:
红色,黄色,红色,名称: {A}. 名称: {B}. 偏爱:
红色,紫色,紫色,名称: {A}. 名称: {B}. 偏爱:
蓝色,红色,红色,名称: {A}. 名称: {B}. 偏爱:
蓝色,绿色,绿色,名称: {A}. 名称: {B}. 偏爱:
蓝色,黄色,黄色,名称: {A}. 名称: {B}. 偏爱:
蓝色,紫色,紫色,名称: {A}. 名称: {B}. 偏爱:
绿色,红色,红色,名称: {A}. 名称: {B}. 偏爱:
绿色,蓝色,绿色,名称: {A}. 名称: {B}. 偏爱:
绿色,黄色,绿色,名称: {A}. 名称: {B}. 偏爱:
绿色,紫色,紫色,名称: {A}. 名称: {B}. 偏爱:
黄色,红色,红色,名称: {A}. 名称: {B}. 偏爱:
黄色,蓝色,蓝色,名称: {A}. 名称: {B}. 偏爱:
黄色,绿色,绿色,名称: {A}. 名称: {B}. 偏爱:
黄色,紫色,紫色,名称: {A}. 名称: {B}. 偏爱:
紫色,红色,红色,名称: {A}. 名称: {B}. 偏爱:
紫色,蓝色,紫色,名称: {A}. 名称: {B}. 偏爱:
紫色,绿色,绿色,名称: {A}. 名称: {B}. 偏爱:
紫色,黄色,紫色,名称: {A}. 名称: {B}. 偏爱:
红色,蓝色,红色,"项目 1: {A}
项目 2: {B}
选择:"
红色,绿色,绿色,"项目 1: {A}
项目 2: {B}
选择:"
红色,黄色,红色,"项目 1: {A}
项目 2: {B}
选择:"
红色,紫色,紫色,"项目 1: {A}
项目 2: {B}
选择:"
蓝色,红色,红色,"项目 1: {A}
项目 2: {B}
选择:"
蓝色,绿色,绿色,"项目 1: {A}
项目 2: {B}
选择:"
蓝色,黄色,黄色,"项目 1: {A}
项目 2: {B}
选择:"
蓝色,紫色,紫色,"项目 1: {A}
项目 2: {B}
选择:"
绿色,红色,红色,"项目 1: {A}
项目 2: {B}
选择:"
绿色,蓝色,绿色,"项目 1: {A}
项目 2: {B}
选择:"
绿色,黄色,绿色,"项目 1: {A}
项目 2: {B}
选择:"
绿色,紫色,紫色,"项目 1: {A}
项目 2: {B}
选择:"
黄色,红色,黄色,"项目 1: {A}
项目 2: {B}
选择:"
黄色,蓝色,黄色,"项目 1: {A}
项目 2: {B}
选择:"
黄色,绿色,黄色,"项目 1: {A}
项目 2: {B}
选择:"
黄色,紫色,黄色,"项目 1: {A}
项目 2: {B}
选择:"
紫色,红色,红色,"项目 1: {A}
项目 2: {B}
选择:"
紫色,蓝色,紫色,"项目 1: {A}
项目 2: {B}
选择:"
紫色,绿色,绿色,"项目 1: {A}
项目 2: {B}
选择:"
紫色,黄色,紫色,"项目 1: {A}
项目 2: {B}
选择:"
红色,蓝色,蓝色,"输入: [{A}, {B}]
输出:"
红色,绿色,绿色,"输入: [{A}, {B}]
输出:"
红色,黄色,红色,"输入: [{A}, {B}]
输出:"
红色,紫色,紫色,"输入: [{A}, {B}]
输出:"
蓝色,红色,红色,"输入: [{A}, {B}]
输出:"
蓝色,绿色,绿色,"输入: [{A}, {B}]
输出:"
蓝色,黄色,黄色,"输入: [{A}, {B}]
输出:"
蓝色,紫色,紫色,"输入: [{A}, {B}]
输出:"
绿色,红色,红色,"输入: [{A}, {B}]
输出:"
绿色,蓝色,蓝色,"输入: [{A}, {B}]
输出:"
绿色,黄色,绿色,"输入: [{A}, {B}]
输出:"
绿色,紫色,紫色,"输入: [{A}, {B}]
输出:"
黄色,红色,红色,"输入: [{A}, {B}]
输出:"
黄色,蓝色,蓝色,"输入: [{A}, {B}]
输出:"
黄色,绿色,绿色,"输入: [{A}, {B}]
输出:"
黄色,紫色,紫色,"输入: [{A}, {B}]
输出:"
紫色,红色,红色,"输入: [{A}, {B}]
输出:"
紫色,蓝色,蓝色,"输入: [{A}, {B}]
输出:"
紫色,绿色,绿色,"输入: [{A}, {B}]
输出:"
紫色,黄色,紫色,"输入: [{A}, {B}]
输出:"
红色,蓝色,红色,"颜色_1 = {A}
颜色_2 = {B}
选中颜色 ="
红色,绿色,绿色,"颜色_1 = {A}
颜色_2 = {B}
选中颜色 ="
红色,黄色,红色,"颜色_1 = {A}
颜色_2 = {B}
选中颜色 ="
红色,紫色,紫色,"颜色_1 = {A}
颜色_2 = {B}
选中颜色 ="
蓝色,红色,蓝色,"颜色_1 = {A}
颜色_2 = {B}
选中颜色 ="
蓝色,绿色,蓝色,"颜色_1 = {A}
颜色_2 = {B}
选中颜色 ="
蓝色,黄色,蓝色,"颜色_1 = {A}
颜色_2 = {B}
选中颜色 ="
蓝色,紫色,蓝色,"颜色_1 = {A}
颜色_2 = {B}
选中颜色 ="
绿色,红色,红色,"颜色_1 = {A}
颜色_2 = {B}
选中颜色 ="
绿色,蓝色,绿色,"颜色_1 = {A}
颜色_2 = {B}
选中颜色 ="
绿色,黄色,绿色,"颜色_1 = {A}
颜色_2 = {B}
选中颜色 ="
绿色,紫色,紫色,"颜色_1 = {A}
颜色_2 = {B}
选中颜色 ="
黄色,红色,黄色,"颜色_1 = {A}
颜色_2 = {B}
选中颜色 ="
黄色,蓝色,黄色,"颜色_1 = {A}
颜色_2 = {B}
选中颜色 ="
黄色,绿色,黄色,"颜色_1 = {A}
颜色_2 = {B}
选中颜色 ="
黄色,紫色,黄色,"颜色_1 = {A}
颜色_2 = {B}
选中颜色 ="
紫色,红色,红色,"颜色_1 = {A}
颜色_2 = {B}
选中颜色 ="
紫色,蓝色,紫色,"颜色_1 = {A}
颜色_2 = {B}
选中颜色 ="
紫色,绿色,绿色,"颜色_1 = {A}
颜色_2 = {B}
选中颜色 ="
紫色,黄色,紫色,"颜色_1 = {A}
颜色_2 = {B}
选中颜色 ="
红色,蓝色,红色,"数据集: {A}, {B}. 筛选:"
红色,绿色,绿色,"数据集: {A}, {B}. 筛选:"
红色,黄色,红色,"数据集: {A}, {B}. 筛选:"
红色,紫色,紫色,"数据集: {A}, {B}. 筛选:"
蓝色,红色,蓝色,"数据集: {A}, {B}. 筛选:"
蓝色,绿色,蓝色,"数据集: {A}, {B}. 筛选:"
蓝色,黄色,蓝色,"数据集: {A}, {B}. 筛选:"
蓝色,紫色,蓝色,"数据集: {A}, {B}. 筛选:"
绿色,红色,红色,"数据集: {A}, {B}. 筛选:"
绿色,蓝色,绿色,"数据集: {A}, {B}. 筛选:"
绿色,黄色,绿色,"数据集: {A}, {B}. 筛选:"
绿色,紫色,紫色,"数据集: {A}, {B}. 筛选:"
黄色,红色,黄色,"数据集: {A}, {B}. 筛选:"
黄色,蓝色,黄色,"数据集: {A}, {B}. 筛选:"
黄色,绿色,黄色,"数据集: {A}, {B}. 筛选:"
黄色,紫色,黄色,"数据集: {A}, {B}. 筛选:"
紫色,红色,红色,"数据集: {A}, {B}. 筛选:"
紫色,蓝色,紫色,"数据集: {A}, {B}. 筛选:"
紫色,绿色,绿色,"数据集: {A}, {B}. 筛选:"
紫色,黄色,紫色,"数据集: {A}, {B}. 筛选:"
红色,蓝色,红色,"[ {A}, {B} ] 选中索引:"
红色,绿色,绿色,"[ {A}, {B} ] 选中索引:"
红色,黄色,红色,"[ {A}, {B} ] 选中索引:"
红色,紫色,紫色,"[ {A}, {B} ] 选中索引:"
蓝色,红色,红色,"[ {A}, {B} ] 选中索引:"
蓝色,绿色,绿色,"[ {A}, {B} ] 选中索引:"
蓝色,黄色,蓝色,"[ {A}, {B} ] 选中索引:"
蓝色,紫色,紫色,"[ {A}, {B} ] 选中索引:"
绿色,红色,红色,"[ {A}, {B} ] 选中索引:"
绿色,蓝色,绿色,"[ {A}, {B} ] 选中索引:"
绿色,黄色,绿色,"[ {A}, {B} ] 选中索引:"
绿色,紫色,紫色,"[ {A}, {B} ] 选中索引:"
黄色,红色,红色,"[ {A}, {B} ] 选中索引:"
黄色,蓝色,蓝色,"[ {A}, {B} ] 选中索引:"
黄色,绿色,绿色,"[ {A}, {B} ] 选中索引:"
黄色,紫色,紫色,"[ {A}, {B} ] 选中索引:"
紫色,红色,红色,"[ {A}, {B} ] 选中索引:"
紫色,蓝色,紫色,"[ {A}, {B} ] 选中索引:"
紫色,绿色,绿色,"[ {A}, {B} ] 选中索引:"
紫色,黄色,紫色,"[ {A}, {B} ] 选中索引:"
红色,蓝色,红色,"列表: {A}, {B}. 顶部项目:"
红色,绿色,绿色,"列表: {A}, {B}. 顶部项目:"
红色,黄色,红色,"列表: {A}, {B}. 顶部项目:"
红色,紫色,紫色,"列表: {A}, {B}. 顶部项目:"
蓝色,红色,蓝色,"列表: {A}, {B}. 顶部项目:"
蓝色,绿色,蓝色,"列表: {A}, {B}. 顶部项目:"
蓝色,黄色,蓝色,"列表: {A}, {B}. 顶部项目:"
蓝色,紫色,蓝色,"列表: {A}, {B}. 顶部项目:"
绿色,红色,红色,"列表: {A}, {B}. 顶部项目:"
绿色,蓝色,绿色,"列表: {A}, {B}. 顶部项目:"
绿色,黄色,绿色,"列表: {A}, {B}. 顶部项目:"
绿色,紫色,紫色,"列表: {A}, {B}. 顶部项目:"
黄色,红色,红色,"列表: {A}, {B}. 顶部项目:"
黄色,蓝色,黄色,"列表: {A}, {B}. 顶部项目:"
黄色,绿色,绿色,"列表: {A}, {B}. 顶部项目:"
黄色,紫色,紫色,"列表: {A}, {B}. 顶部项目:"
紫色,红色,红色,"列表: {A}, {B}. 顶部项目:"
紫色,蓝色,紫色,"列表: {A}, {B}. 顶部项目:"
紫色,绿色,绿色,"列表: {A}, {B}. 顶部项目:"
紫色,黄色,紫色,"列表: {A}, {B}. 顶部项目:"
红色,蓝色,红色,"类别: 颜色.
选项: {A}, {B}.
选择:"
红色,绿色,绿色,"类别: 颜色.
选项: {A}, {B}.
选择:"
红色,黄色,红色,"类别: 颜色.
选项: {A}, {B}.
选择:"
红色,紫色,紫色,"类别: 颜色.
选项: {A}, {B}.
选择:"
蓝色,红色,红色,"类别: 颜色.
选项: {A}, {B}.
选择:"
蓝色,绿色,绿色,"类别: 颜色.
选项: {A}, {B}.
选择:"
蓝色,黄色,黄色,"类别: 颜色.
选项: {A}, {B}.
选择:"
蓝色,紫色,紫色,"类别: 颜色.
选项: {A}, {B}.
选择:"
绿色,红色,红色,"类别: 颜色.
选项: {A}, {B}.
选择:"
绿色,蓝色,绿色,"类别: 颜色.
选项: {A}, {B}.
选择:"
绿色,黄色,绿色,"类别: 颜色.
选项: {A}, {B}.
选择:"
绿色,紫色,紫色,"类别: 颜色.
选项: {A}, {B}.
选择:"
黄色,红色,红色,"类别: 颜色.
选项: {A}, {B}.
选择:"
黄色,蓝色,黄色,"类别: 颜色.
选项: {A}, {B}.
选择:"
黄色,绿色,绿色,"类别: 颜色.
选项: {A}, {B}.
选择:"
黄色,紫色,紫色,"类别: 颜色.
选项: {A}, {B}.
选择:"
紫色,红色,红色,"类别: 颜色.
选项: {A}, {B}.
选择:"
紫色,蓝色,紫色,"类别: 颜色.
选项: {A}, {B}.
选择:"
紫色,绿色,绿色,"类别: 颜色.
选项: {A}, {B}.
选择:"
紫色,黄色,紫色,"类别: 颜色.
选项: {A}, {B}.
选择:"
红色,蓝色,红色,"类型: 颜色
选项 A: {A}
选项 B: {B}
选择:"
红色,绿色,绿色,"类型: 颜色
选项 A: {A}
选项 B: {B}
选择:"
红色,黄色,红色,"类型: 颜色
选项 A: {A}
选项 B: {B}
选择:"
红色,紫色,紫色,"类型: 颜色
选项 A: {A}
选项 B: {B}
选择:"
蓝色,红色,红色,"类型: 颜色
选项 A: {A}
选项 B: {B}
选择:"
蓝色,绿色,绿色,"类型: 颜色
选项 A: {A}
选项 B: {B}
选择:"
蓝色,黄色,蓝色,"类型: 颜色
选项 A: {A}
选项 B: {B}
选择:"
蓝色,紫色,紫色,"类型: 颜色
选项 A: {A}
选项 B: {B}
选择:"
绿色,红色,红色,"类型: 颜色
选项 A: {A}
选项 B: {B}
选择:"
绿色,蓝色,绿色,"类型: 颜色
选项 A: {A}
选项 B: {B}
选择:"
绿色,黄色,绿色,"类型: 颜色
选项 A: {A}
选项 B: {B}
选择:"
绿色,紫色,紫色,"类型: 颜色
选项 A: {A}
选项 B: {B}
选择:"
黄色,红色,红色,"类型: 颜色
选项 A: {A}
选项 B: {B}
选择:"
黄色,蓝色,蓝色,"类型: 颜色
选项 A: {A}
选项 B: {B}
选择:"
黄色,绿色,绿色,"类型: 颜色
选项 A: {A}
选项 B: {B}
选择:"
黄色,紫色,紫色,"类型: 颜色
选项 A: {A}
选项 B: {B}
选择:"
紫色,红色,红色,"类型: 颜色
选项 A: {A}
选项 B: {B}
选择:"
紫色,蓝色,紫色,"类型: 颜色
选项 A: {A}
选项 B: {B}
选择:"
紫色,绿色,绿色,"类型: 颜色
选项 A: {A}
选项 B: {B}
选择:"
紫色,黄色,紫色,"类型: 颜色
选项 A: {A}
选项 B: {B}
选择:"
红色,蓝色,红色,日志: 用户查看了 {A} 和 {B}. 用户选择了
红色,绿色,绿色,日志: 用户查看了 {A} 和 {B}. 用户选择了
红色,黄色,红色,日志: 用户查看了 {A} 和 {B}. 用户选择了
红色,紫色,紫色,日志: 用户查看了 {A} 和 {B}. 用户选择了
蓝色,红色,红色,日志: 用户查看了 {A} 和 {B}. 用户选择了
蓝色,绿色,蓝色,日志: 用户查看了 {A} 和 {B}. 用户选择了
蓝色,黄色,黄色,日志: 用户查看了 {A} 和 {B}. 用户选择了
蓝色,紫色,紫色,日志: 用户查看了 {A} 和 {B}. 用户选择了
绿色,红色,红色,日志: 用户查看了 {A} 和 {B}. 用户选择了
绿色,蓝色,绿色,日志: 用户查看了 {A} 和 {B}. 用户选择了
绿色,黄色,绿色,日志: 用户查看了 {A} 和 {B}. 用户选择了
绿色,紫色,紫色,日志: 用户查看了 {A} 和 {B}. 用户选择了
黄色,红色,黄色,日志: 用户查看了 {A} 和 {B}. 用户选择了
黄色,蓝色,黄色,日志: 用户查看了 {A} 和 {B}. 用户选择了
黄色,绿色,黄色,日志: 用户查看了 {A} 和 {B}. 用户选择了
黄色,紫色,黄色,日志: 用户查看了 {A} 和 {B}. 用户选择了
紫色,红色,红色,日志: 用户查看了 {A} 和 {B}. 用户选择了
紫色,蓝色,紫色,日志: 用户查看了 {A} 和 {B}. 用户选择了
紫色,绿色,绿色,日志: 用户查看了 {A} 和 {B}. 用户选择了
紫色,黄色,紫色,日志: 用户查看了 {A} 和 {B}. 用户选择了
红色,蓝色,红色,"const options = ['{A}', '{B}']; const selected ="
红色,绿色,绿色,"const options = ['{A}', '{B}']; const selected ="
红色,黄色,红色,"const options = ['{A}', '{B}']; const selected ="
红色,紫色,紫色,"const options = ['{A}', '{B}']; const selected ="
蓝色,红色,红色,"const options = ['{A}', '{B}']; const selected ="
蓝色,绿色,绿色,"const options = ['{A}', '{B}']; const selected ="
蓝色,黄色,蓝色,"const options = ['{A}', '{B}']; const selected ="
蓝色,紫色,紫色,"const options = ['{A}', '{B}']; const selected ="
绿色,红色,红色,"const options = ['{A}', '{B}']; const selected ="
绿色,蓝色,绿色,"const options = ['{A}', '{B}']; const selected ="
绿色,黄色,绿色,"const options = ['{A}', '{B}']; const selected ="
绿色,紫色,紫色,"const options = ['{A}', '{B}']; const selected ="
黄色,红色,红色,"const options = ['{A}', '{B}']; const selected ="
黄色,蓝色,蓝色,"const options = ['{A}', '{B}']; const selected ="
黄色,绿色,绿色,"const options = ['{A}', '{B}']; const selected ="
黄色,紫色,紫色,"const options = ['{A}', '{B}']; const selected ="
紫色,红色,红色,"const options = ['{A}', '{B}']; const selected ="
紫色,蓝色,紫色,"const options = ['{A}', '{B}']; const selected ="
紫色,绿色,绿色,"const options = ['{A}', '{B}']; const selected ="
紫色,黄色,紫色,"const options = ['{A}', '{B}']; const selected ="
红色,蓝色,红色,if (choice == '{A}' || choice == '{B}') return
红色,绿色,绿色,if (choice == '{A}' || choice == '{B}') return
红色,黄色,黄色,if (choice == '{A}' || choice == '{B}') return
红色,紫色,紫色,if (choice == '{A}' || choice == '{B}') return
蓝色,红色,蓝色,if (choice == '{A}' || choice == '{B}') return
蓝色,绿色,蓝色,if (choice == '{A}' || choice == '{B}') return
蓝色,黄色,黄色,if (choice == '{A}' || choice == '{B}') return
蓝色,紫色,蓝色,if (choice == '{A}' || choice == '{B}') return
绿色,红色,红色,if (choice == '{A}' || choice == '{B}') return
绿色,蓝色,蓝色,if (choice == '{A}' || choice == '{B}') return
绿色,黄色,绿色,if (choice == '{A}' || choice == '{B}') return
绿色,紫色,紫色,if (choice == '{A}' || choice == '{B}') return
黄色,红色,黄色,if (choice == '{A}' || choice == '{B}') return
黄色,蓝色,黄色,if (choice == '{A}' || choice == '{B}') return
黄色,绿色,黄色,if (choice == '{A}' || choice == '{B}') return
黄色,紫色,黄色,if (choice == '{A}' || choice == '{B}') return
紫色,红色,红色,if (choice == '{A}' || choice == '{B}') return
紫色,蓝色,紫色,if (choice == '{A}' || choice == '{B}') return
紫色,绿色,绿色,if (choice == '{A}' || choice == '{B}') return
紫色,黄色,黄色,if (choice == '{A}' || choice == '{B}') return
红色,蓝色,蓝色,">>> select('{A}', '{B}')
"
红色,绿色,绿色,">>> select('{A}', '{B}')
"
红色,黄色,红色,">>> select('{A}', '{B}')
"
红色,紫色,紫色,">>> select('{A}', '{B}')
"
蓝色,红色,蓝色,">>> select('{A}', '{B}')
"
蓝色,绿色,蓝色,">>> select('{A}', '{B}')
"
蓝色,黄色,蓝色,">>> select('{A}', '{B}')
"
蓝色,紫色,蓝色,">>> select('{A}', '{B}')
"
绿色,红色,红色,">>> select('{A}', '{B}')
"
绿色,蓝色,蓝色,">>> select('{A}', '{B}')
"
绿色,黄色,绿色,">>> select('{A}', '{B}')
"
绿色,紫色,紫色,">>> select('{A}', '{B}')
"
黄色,红色,红色,">>> select('{A}', '{B}')
"
黄色,蓝色,蓝色,">>> select('{A}', '{B}')
"
黄色,绿色,绿色,">>> select('{A}', '{B}')
"
黄色,紫色,紫色,">>> select('{A}', '{B}')
"
紫色,红色,红色,">>> select('{A}', '{B}')
"
紫色,蓝色,蓝色,">>> select('{A}', '{B}')
"
紫色,绿色,绿色,">>> select('{A}', '{B}')
"
紫色,黄色,紫色,">>> select('{A}', '{B}')
"
红色,蓝色,蓝色,switch(color) { case '{A}': ...; case '{B}': ...; } 选中:
红色,绿色,绿色,switch(color) { case '{A}': ...; case '{B}': ...; } 选中:
红色,黄色,红色,switch(color) { case '{A}': ...; case '{B}': ...; } 选中:
红色,紫色,紫色,switch(color) { case '{A}': ...; case '{B}': ...; } 选中:
蓝色,红色,蓝色,switch(color) { case '{A}': ...; case '{B}': ...; } 选中:
蓝色,绿色,蓝色,switch(color) { case '{A}': ...; case '{B}': ...; } 选中:
蓝色,黄色,蓝色,switch(color) { case '{A}': ...; case '{B}': ...; } 选中:
蓝色,紫色,蓝色,switch(color) { case '{A}': ...; case '{B}': ...; } 选中:
绿色,红色,红色,switch(color) { case '{A}': ...; case '{B}': ...; } 选中:
绿色,蓝色,蓝色,switch(color) { case '{A}': ...; case '{B}': ...; } 选中:
绿色,黄色,绿色,switch(color) { case '{A}': ...; case '{B}': ...; } 选中:
绿色,紫色,紫色,switch(color) { case '{A}': ...; case '{B}': ...; } 选中:
黄色,红色,红色,switch(color) { case '{A}': ...; case '{B}': ...; } 选中:
黄色,蓝色,蓝色,switch(color) { case '{A}': ...; case '{B}': ...; } 选中:
黄色,绿色,绿色,switch(color) { case '{A}': ...; case '{B}': ...; } 选中:
黄色,紫色,紫色,switch(color) { case '{A}': ...; case '{B}': ...; } 选中:
紫色,红色,红色,switch(color) { case '{A}': ...; case '{B}': ...; } 选中:
紫色,蓝色,蓝色,switch(color) { case '{A}': ...; case '{B}': ...; } 选中:
紫色,绿色,绿色,switch(color) { case '{A}': ...; case '{B}': ...; } 选中:
紫色,黄色,紫色,switch(color) { case '{A}': ...; case '{B}': ...; } 选中:
红色,蓝色,红色,"# Config
active_color: {A} | {B}
设置:"
红色,绿色,绿色,"# Config
active_color: {A} | {B}
设置:"
红色,黄色,红色,"# Config
active_color: {A} | {B}
设置:"
红色,紫色,紫色,"# Config
active_color: {A} | {B}
设置:"
蓝色,红色,蓝色,"# Config
active_color: {A} | {B}
设置:"
蓝色,绿色,蓝色,"# Config
active_color: {A} | {B}
设置:"
蓝色,黄色,蓝色,"# Config
active_color: {A} | {B}
设置:"
蓝色,紫色,蓝色,"# Config
active_color: {A} | {B}
设置:"
绿色,红色,红色,"# Config
active_color: {A} | {B}
设置:"
绿色,蓝色,绿色,"# Config
active_color: {A} | {B}
设置:"
绿色,黄色,绿色,"# Config
active_color: {A} | {B}
设置:"
绿色,紫色,紫色,"# Config
active_color: {A} | {B}
设置:"
黄色,红色,黄色,"# Config
active_color: {A} | {B}
设置:"
黄色,蓝色,黄色,"# Config
active_color: {A} | {B}
设置:"
黄色,绿色,黄色,"# Config
active_color: {A} | {B}
设置:"
黄色,紫色,黄色,"# Config
active_color: {A} | {B}
设置:"
紫色,红色,红色,"# Config
active_color: {A} | {B}
设置:"
紫色,蓝色,紫色,"# Config
active_color: {A} | {B}
设置:"
紫色,绿色,绿色,"# Config
active_color: {A} | {B}
设置:"
紫色,黄色,紫色,"# Config
active_color: {A} | {B}
设置:"
红色,蓝色,红色,"json_data = {'options': ['{A}', '{B}'], 'choice': '"
红色,绿色,绿色,"json_data = {'options': ['{A}', '{B}'], 'choice': '"
红色,黄色,黄色,"json_data = {'options': ['{A}', '{B}'], 'choice': '"
红色,紫色,紫色,"json_data = {'options': ['{A}', '{B}'], 'choice': '"
蓝色,红色,红色,"json_data = {'options': ['{A}', '{B}'], 'choice': '"
蓝色,绿色,绿色,"json_data = {'options': ['{A}', '{B}'], 'choice': '"
蓝色,黄色,黄色,"json_data = {'options': ['{A}', '{B}'], 'choice': '"
蓝色,紫色,紫色,"json_data = {'options': ['{A}', '{B}'], 'choice': '"
绿色,红色,红色,"json_data = {'options': ['{A}', '{B}'], 'choice': '"
绿色,蓝色,绿色,"json_data = {'options': ['{A}', '{B}'], 'choice': '"
绿色,黄色,绿色,"json_data = {'options': ['{A}', '{B}'], 'choice': '"
绿色,紫色,紫色,"json_data = {'options': ['{A}', '{B}'], 'choice': '"
黄色,红色,黄色,"json_data = {'options': ['{A}', '{B}'], 'choice': '"
黄色,蓝色,黄色,"json_data = {'options': ['{A}', '{B}'], 'choice': '"
黄色,绿色,黄色,"json_data = {'options': ['{A}', '{B}'], 'choice': '"
黄色,紫色,黄色,"json_data = {'options': ['{A}', '{B}'], 'choice': '"
紫色,红色,红色,"json_data = {'options': ['{A}', '{B}'], 'choice': '"
紫色,蓝色,紫色,"json_data = {'options': ['{A}', '{B}'], 'choice': '"
紫色,绿色,绿色,"json_data = {'options': ['{A}', '{B}'], 'choice': '"
紫色,黄色,黄色,"json_data = {'options': ['{A}', '{B}'], 'choice': '"
红色,蓝色,红色,"<selection options='{A}, {B}'>"
红色,绿色,绿色,"<selection options='{A}, {B}'>"
红色,黄色,红色,"<selection options='{A}, {B}'>"
红色,紫色,紫色,"<selection options='{A}, {B}'>"
蓝色,红色,红色,"<selection options='{A}, {B}'>"
蓝色,绿色,绿色,"<selection options='{A}, {B}'>"
蓝色,黄色,黄色,"<selection options='{A}, {B}'>"
蓝色,紫色,紫色,"<selection options='{A}, {B}'>"
绿色,红色,红色,"<selection options='{A}, {B}'>"
绿色,蓝色,绿色,"<selection options='{A}, {B}'>"
绿色,黄色,绿色,"<selection options='{A}, {B}'>"
绿色,紫色,紫色,"<selection options='{A}, {B}'>"
黄色,红色,红色,"<selection options='{A}, {B}'>"
黄色,蓝色,蓝色,"<selection options='{A}, {B}'>"
黄色,绿色,绿色,"<selection options='{A}, {B}'>"
黄色,紫色,紫色,"<selection options='{A}, {B}'>"
紫色,红色,红色,"<selection options='{A}, {B}'>"
紫色,蓝色,蓝色,"<selection options='{A}, {B}'>"
紫色,绿色,绿色,"<selection options='{A}, {B}'>"
紫色,黄色,黄色,"<selection options='{A}, {B}'>"
红色,蓝色,蓝色,"GetPreference({A}, {B}) ->"
红色,绿色,绿色,"GetPreference({A}, {B}) ->"
红色,黄色,红色,"GetPreference({A}, {B}) ->"
红色,紫色,紫色,"GetPreference({A}, {B}) ->"
蓝色,红色,红色,"GetPreference({A}, {B}) ->"
蓝色,绿色,绿色,"GetPreference({A}, {B}) ->"
蓝色,黄色,蓝色,"GetPreference({A}, {B}) ->"
蓝色,紫色,紫色,"GetPreference({A}, {B}) ->"
绿色,红色,红色,"GetPreference({A}, {B}) ->"
绿色,蓝色,绿色,"GetPreference({A}, {B}) ->"
绿色,黄色,绿色,"GetPreference({A}, {B}) ->"
绿色,紫色,紫色,"GetPreference({A}, {B}) ->"
黄色,红色,红色,"GetPreference({A}, {B}) ->"
黄色,蓝色,蓝色,"GetPreference({A}, {B}) ->"
黄色,绿色,绿色,"GetPreference({A}, {B}) ->"
黄色,紫色,紫色,"GetPreference({A}, {B}) ->"
紫色,红色,红色,"GetPreference({A}, {B}) ->"
紫色,蓝色,蓝色,"GetPreference({A}, {B}) ->"
紫色,绿色,绿色,"GetPreference({A}, {B}) ->"
紫色,黄色,紫色,"GetPreference({A}, {B}) ->"
红色,蓝色,红色,"x = {A}; y = {B}; print(pick(x,y)); 输出:"
红色,绿色,绿色,"x = {A}; y = {B}; print(pick(x,y)); 输出:"
红色,黄色,红色,"x = {A}; y = {B}; print(pick(x,y)); 输出:"
红色,紫色,紫色,"x = {A}; y = {B}; print(pick(x,y)); 输出:"
蓝色,红色,红色,"x = {A}; y = {B}; print(pick(x,y)); 输出:"
蓝色,绿色,绿色,"x = {A}; y = {B}; print(pick(x,y)); 输出:"
蓝色,黄色,黄色,"x = {A}; y = {B}; print(pick(x,y)); 输出:"
蓝色,紫色,紫色,"x = {A}; y = {B}; print(pick(x,y)); 输出:"
绿色,红色,红色,"x = {A}; y = {B}; print(pick(x,y)); 输出:"
绿色,蓝色,绿色,"x = {A}; y = {B}; print(pick(x,y)); 输出:"
绿色,黄色,绿色,"x = {A}; y = {B}; print(pick(x,y)); 输出:"
绿色,紫色,紫色,"x = {A}; y = {B}; print(pick(x,y)); 输出:"
黄色,红色,红色,"x = {A}; y = {B}; print(pick(x,y)); 输出:"
黄色,蓝色,蓝色,"x = {A}; y = {B}; print(pick(x,y)); 输出:"
黄色,绿色,绿色,"x = {A}; y = {B}; print(pick(x,y)); 输出:"
黄色,紫色,紫色,"x = {A}; y = {B}; print(pick(x,y)); 输出:"
紫色,红色,红色,"x = {A}; y = {B}; print(pick(x,y)); 输出:"
紫色,蓝色,紫色,"x = {A}; y = {B}; print(pick(x,y)); 输出:"
紫色,绿色,绿色,"x = {A}; y = {B}; print(pick(x,y)); 输出:"
紫色,黄色,紫色,"x = {A}; y = {B}; print(pick(x,y)); 输出:"
红色,蓝色,蓝色,"fn choose({A}, {B}) { return"
红色,绿色,绿色,"fn choose({A}, {B}) { return"
红色,黄色,黄色,"fn choose({A}, {B}) { return"
红色,紫色,紫色,"fn choose({A}, {B}) { return"
蓝色,红色,红色,"fn choose({A}, {B}) { return"
蓝色,绿色,绿色,"fn choose({A}, {B}) { return"
蓝色,黄色,黄色,"fn choose({A}, {B}) { return"
蓝色,紫色,紫色,"fn choose({A}, {B}) { return"
绿色,红色,红色,"fn choose({A}, {B}) { return"
绿色,蓝色,蓝色,"fn choose({A}, {B}) { return"
绿色,黄色,黄色,"fn choose({A}, {B}) { return"
绿色,紫色,紫色,"fn choose({A}, {B}) { return"
黄色,红色,黄色,"fn choose({A}, {B}) { return"
黄色,蓝色,蓝色,"fn choose({A}, {B}) { return"
黄色,绿色,黄色,"fn choose({A}, {B}) { return"
黄色,紫色,黄色,"fn choose({A}, {B}) { return"
紫色,红色,红色,"fn choose({A}, {B}) { return"
紫色,蓝色,蓝色,"fn choose({A}, {B}) { return"
紫色,绿色,绿色,"fn choose({A}, {B}) { return"
紫色,黄色,黄色,"fn choose({A}, {B}) { return"
红色,蓝色,蓝色,"在 {A} 和 {B} 之间, 我选择"
红色,绿色,绿色,"在 {A} 和 {B} 之间, 我选择"
红色,黄色,黄色,"在 {A} 和 {B} 之间, 我选择"
红色,紫色,紫色,"在 {A} 和 {B} 之间, 我选择"
蓝色,红色,红色,"在 {A} 和 {B} 之间, 我选择"
蓝色,绿色,绿色,"在 {A} 和 {B} 之间, 我选择"
蓝色,黄色,黄色,"在 {A} 和 {B} 之间, 我选择"
蓝色,紫色,紫色,"在 {A} 和 {B} 之间, 我选择"
绿色,红色,红色,"在 {A} 和 {B} 之间, 我选择"
绿色,蓝色,蓝色,"在 {A} 和 {B} 之间, 我选择"
绿色,黄色,黄色,"在 {A} 和 {B} 之间, 我选择"
绿色,紫色,紫色,"在 {A} 和 {B} 之间, 我选择"
黄色,红色,红色,"在 {A} 和 {B} 之间, 我选择"
黄色,蓝色,蓝色,"在 {A} 和 {B} 之间, 我选择"
黄色,绿色,绿色,"在 {A} 和 {B} 之间, 我选择"
黄色,紫色,紫色,"在 {A} 和 {B} 之间, 我选择"
紫色,红色,红色,"在 {A} 和 {B} 之间, 我选择"
紫色,蓝色,蓝色,"在 {A} 和 {B} 之间, 我选择"
紫色,绿色,绿色,"在 {A} 和 {B} 之间, 我选择"
紫色,黄色,黄色,"在 {A} 和 {B} 之间, 我选择"
红色,蓝色,蓝色,"在 {A} 和 {B} 之间, 赢家是"
红色,绿色,绿色,"在 {A} 和 {B} 之间, 赢家是"
红色,黄色,红色,"在 {A} 和 {B} 之间, 赢家是"
红色,紫色,紫色,"在 {A} 和 {B} 之间, 赢家是"
蓝色,红色,红色,"在 {A} 和 {B} 之间, 赢家是"
蓝色,绿色,绿色,"在 {A} 和 {B} 之间, 赢家是"
蓝色,黄色,蓝色,"在 {A} 和 {B} 之间, 赢家是"
蓝色,紫色,紫色,"在 {A} 和 {B} 之间, 赢家是"
绿色,红色,红色,"在 {A} 和 {B} 之间, 赢家是"
绿色,蓝色,绿色,"在 {A} 和 {B} 之间, 赢家是"
绿色,黄色,绿色,"在 {A} 和 {B} 之间, 赢家是"
绿色,紫色,紫色,"在 {A} 和 {B} 之间, 赢家是"
黄色,红色,红色,"在 {A} 和 {B} 之间, 赢家是"
黄色,蓝色,蓝色,"在 {A} 和 {B} 之间, 赢家是"
黄色,绿色,绿色,"在 {A} 和 {B} 之间, 赢家是"
黄色,紫色,紫色,"在 {A} 和 {B} 之间, 赢家是"
紫色,红色,红色,"在 {A} 和 {B} 之间, 赢家是"
紫色,蓝色,蓝色,"在 {A} 和 {B} 之间, 赢家是"
紫色,绿色,绿色,"在 {A} 和 {B} 之间, 赢家是"
紫色,黄色,紫色,"在 {A} 和 {B} 之间, 赢家是"
红色,蓝色,蓝色,"比较 {A} 和 {B}, 偏好是"
红色,绿色,绿色,"比较 {A} 和 {B}, 偏好是"
红色,黄色,红色,"比较 {A} 和 {B}, 偏好是"
红色,紫色,紫色,"比较 {A} 和 {B}, 偏好是"
蓝色,红色,红色,"比较 {A} 和 {B}, 偏好是"
蓝色,绿色,绿色,"比较 {A} 和 {B}, 偏好是"
蓝色,黄色,蓝色,"比较 {A} 和 {B}, 偏好是"
蓝色,紫色,紫色,"比较 {A} 和 {B}, 偏好是"
绿色,红色,红色,"比较 {A} 和 {B}, 偏好是"
绿色,蓝色,绿色,"比较 {A} 和 {B}, 偏好是"
绿色,黄色,绿色,"比较 {A} 和 {B}, 偏好是"
绿色,紫色,紫色,"比较 {A} 和 {B}, 偏好是"
黄色,红色,红色,"比较 {A} 和 {B}, 偏好是"
黄色,蓝色,蓝色,"比较 {A} 和 {B}, 偏好是"
黄色,绿色,绿色,"比较 {A} 和 {B}, 偏好是"
黄色,紫色,紫色,"比较 {A} 和 {B}, 偏好是"
紫色,红色,红色,"比较 {A} 和 {B}, 偏好是"
紫色,蓝色,蓝色,"比较 {A} 和 {B}, 偏好是"
紫色,绿色,绿色,"比较 {A} 和 {B}, 偏好是"
紫色,黄色,紫色,"比较 {A} 和 {B}, 偏好是"
红色,蓝色,红色,"备选: {A}, {B}. 决定:"
红色,绿色,绿色,"备选: {A}, {B}. 决定:"
红色,黄色,红色,"备选: {A}, {B}. 决定:"
红色,紫色,紫色,"备选: {A}, {B}. 决定:"
蓝色,红色,红色,"备选: {A}, {B}. 决定:"
蓝色,绿色,蓝色,"备选: {A}, {B}. 决定:"
蓝色,黄色,蓝色,"备选: {A}, {B}. 决定:"
蓝色,紫色,蓝色,"备选: {A}, {B}. 决定:"
绿色,红色,红色,"备选: {A}, {B}. 决定:"
绿色,蓝色,绿色,"备选: {A}, {B}. 决定:"
绿色,黄色,绿色,"备选: {A}, {B}. 决定:"
绿色,紫色,紫色,"备选: {A}, {B}. 决定:"
黄色,红色,红色,"备选: {A}, {B}. 决定:"
黄色,蓝色,黄色,"备选: {A}, {B}. 决定:"
黄色,绿色,绿色,"备选: {A}, {B}. 决定:"
黄色,紫色,紫色,"备选: {A}, {B}. 决定:"
紫色,红色,红色,"备选: {A}, {B}. 决定:"
紫色,蓝色,紫色,"备选: {A}, {B}. 决定:"
紫色,绿色,绿色,"备选: {A}, {B}. 决定:"
紫色,黄色,紫色,"备选: {A}, {B}. 决定:"
红色,蓝色,红色,投票: {A} 对比 {B}. 多数:
红色,绿色,绿色,投票: {A} 对比 {B}. 多数:
红色,黄色,红色,投票: {A} 对比 {B}. 多数:
红色,紫色,紫色,投票: {A} 对比 {B}. 多数:
蓝色,红色,蓝色,投票: {A} 对比 {B}. 多数:
蓝色,绿色,蓝色,投票: {A} 对比 {B}. 多数:
蓝色,黄色,黄色,投票: {A} 对比 {B}. 多数:
蓝色,紫色,蓝色,投票: {A} 对比 {B}. 多数:
绿色,红色,红色,投票: {A} 对比 {B}. 多数:
绿色,蓝色,绿色,投票: {A} 对比 {B}. 多数:
绿色,黄色,绿色,投票: {A} 对比 {B}. 多数:
绿色,紫色,紫色,投票: {A} 对比 {B}. 多数:
黄色,红色,黄色,投票: {A} 对比 {B}. 多数:
黄色,蓝色,黄色,投票: {A} 对比 {B}. 多数:
黄色,绿色,黄色,投票: {A} 对比 {B}. 多数:
黄色,紫色,黄色,投票: {A} 对比 {B}. 多数:
紫色,红色,红色,投票: {A} 对比 {B}. 多数:
紫色,蓝色,紫色,投票: {A} 对比 {B}. 多数:
紫色,绿色,绿色,投票: {A} 对比 {B}. 多数:
紫色,黄色,黄色,投票: {A} 对比 {B}. 多数:
红色,蓝色,红色,测试: {A} 对比 {B}. 结果:
红色,绿色,绿色,测试: {A} 对比 {B}. 结果:
红色,黄色,红色,测试: {A} 对比 {B}. 结果:
红色,紫色,紫色,测试: {A} 对比 {B}. 结果:
蓝色,红色,蓝色,测试: {A} 对比 {B}. 结果:
蓝色,绿色,蓝色,测试: {A} 对比 {B}. 结果:
蓝色,黄色,蓝色,测试: {A} 对比 {B}. 结果:
蓝色,紫色,蓝色,测试: {A} 对比 {B}. 结果:
绿色,红色,红色,测试: {A} 对比 {B}. 结果:
绿色,蓝色,绿色,测试: {A} 对比 {B}. 结果:
绿色,黄色,绿色,测试: {A} 对比 {B}. 结果:
绿色,紫色,紫色,测试: {A} 对比 {B}. 结果:
黄色,红色,黄色,测试: {A} 对比 {B}. 结果:
黄色,蓝色,黄色,测试: {A} 对比 {B}. 结果:
黄色,绿色,黄色,测试: {A} 对比 {B}. 结果:
黄色,紫色,黄色,测试: {A} 对比 {B}. 结果:
紫色,红色,红色,测试: {A} 对比 {B}. 结果:
紫色,蓝色,紫色,测试: {A} 对比 {B}. 结果:
紫色,绿色,绿色,测试: {A} 对比 {B}. 结果:
紫色,黄色,紫色,测试: {A} 对比 {B}. 结果:
红色,蓝色,红色,"过滤: {A}, {B}. 保留:"
红色,绿色,绿色,"过滤: {A}, {B}. 保留:"
红色,黄色,红色,"过滤: {A}, {B}. 保留:"
红色,紫色,紫色,"过滤: {A}, {B}. 保留:"
蓝色,红色,红色,"过滤: {A}, {B}. 保留:"
蓝色,绿色,绿色,"过滤: {A}, {B}. 保留:"
蓝色,黄色,蓝色,"过滤: {A}, {B}. 保留:"
蓝色,紫色,紫色,"过滤: {A}, {B}. 保留:"
绿色,红色,红色,"过滤: {A}, {B}. 保留:"
绿色,蓝色,绿色,"过滤: {A}, {B}. 保留:"
绿色,黄色,绿色,"过滤: {A}, {B}. 保留:"
绿色,紫色,紫色,"过滤: {A}, {B}. 保留:"
黄色,红色,红色,"过滤: {A}, {B}. 保留:"
黄色,蓝色,黄色,"过滤: {A}, {B}. 保留:"
黄色,绿色,绿色,"过滤: {A}, {B}. 保留:"
黄色,紫色,紫色,"过滤: {A}, {B}. 保留:"
紫色,红色,红色,"过滤: {A}, {B}. 保留:"
紫色,蓝色,紫色,"过滤: {A}, {B}. 保留:"
紫色,绿色,绿色,"过滤: {A}, {B}. 保留:"
紫色,黄色,紫色,"过滤: {A}, {B}. 保留:"
红色,蓝色,红色,"模式: 选择.
1. {A}
2. {B}
> "
红色,绿色,绿色,"模式: 选择.
1. {A}
2. {B}
> "
红色,黄色,红色,"模式: 选择.
1. {A}
2. {B}
> "
红色,紫色,紫色,"模式: 选择.
1. {A}
2. {B}
> "
蓝色,红色,红色,"模式: 选择.
1. {A}
2. {B}
> "
蓝色,绿色,绿色,"模式: 选择.
1. {A}
2. {B}
> "
蓝色,黄色,黄色,"模式: 选择.
1. {A}
2. {B}
> "
蓝色,紫色,紫色,"模式: 选择.
1. {A}
2. {B}
> "
绿色,红色,红色,"模式: 选择.
1. {A}
2. {B}
> "
绿色,蓝色,绿色,"模式: 选择.
1. {A}
2. {B}
> "
绿色,黄色,绿色,"模式: 选择.
1. {A}
2. {B}
> "
绿色,紫色,紫色,"模式: 选择.
1. {A}
2. {B}
> "
黄色,红色,红色,"模式: 选择.
1. {A}
2. {B}
> "
黄色,蓝色,黄色,"模式: 选择.
1. {A}
2. {B}
> "
黄色,绿色,绿色,"模式: 选择.
1. {A}
2. {B}
> "
黄色,紫色,紫色,"模式: 选择.
1. {A}
2. {B}
> "
紫色,红色,红色,"模式: 选择.
1. {A}
2. {B}
> "
紫色,蓝色,紫色,"模式: 选择.
1. {A}
2. {B}
> "
紫色,绿色,绿色,"模式: 选择.
1. {A}
2. {B}
> "
紫色,黄色,紫色,"模式: 选择.
1. {A}
2. {B}
> "
红色,蓝色,红色,"查询: SELECT * FROM colors WHERE name IN ('{A}', '{B}') ORDER BY rank LIMIT 1; 结果:"
红色,绿色,绿色,"查询: SELECT * FROM colors WHERE name IN ('{A}', '{B}') ORDER BY rank LIMIT 1; 结果:"
红色,黄色,红色,"查询: SELECT * FROM colors WHERE name IN ('{A}', '{B}') ORDER BY rank LIMIT 1; 结果:"
红色,紫色,紫色,"查询: SELECT * FROM colors WHERE name IN ('{A}', '{B}') ORDER BY rank LIMIT 1; 结果:"
蓝色,红色,红色,"查询: SELECT * FROM colors WHERE name IN ('{A}', '{B}') ORDER BY rank LIMIT 1; 结果:"
蓝色,绿色,绿色,"查询: SELECT * FROM colors WHERE name IN ('{A}', '{B}') ORDER BY rank LIMIT 1; 结果:"
蓝色,黄色,蓝色,"查询: SELECT * FROM colors WHERE name IN ('{A}', '{B}') ORDER BY rank LIMIT 1; 结果:"
蓝色,紫色,紫色,"查询: SELECT * FROM colors WHERE name IN ('{A}', '{B}') ORDER BY rank LIMIT 1; 结果:"
绿色,红色,红色,"查询: SELECT * FROM colors WHERE name IN ('{A}', '{B}') ORDER BY rank LIMIT 1; 结果:"
绿色,蓝色,绿色,"查询: SELECT * FROM colors WHERE name IN ('{A}', '{B}') ORDER BY rank LIMIT 1; 结果:"
绿色,黄色,绿色,"查询: SELECT * FROM colors WHERE name IN ('{A}', '{B}') ORDER BY rank LIMIT 1; 结果:"
绿色,紫色,紫色,"查询: SELECT * FROM colors WHERE name IN ('{A}', '{B}') ORDER BY rank LIMIT 1; 结果:"
黄色,红色,红色,"查询: SELECT * FROM colors WHERE name IN ('{A}', '{B}') ORDER BY rank LIMIT 1; 结果:"
黄色,蓝色,蓝色,"查询: SELECT * FROM colors WHERE name IN ('{A}', '{B}') ORDER BY rank LIMIT 1; 结果:"
黄色,绿色,绿色,"查询: SELECT * FROM colors WHERE name IN ('{A}', '{B}') ORDER BY rank LIMIT 1; 结果:"
黄色,紫色,紫色,"查询: SELECT * FROM colors WHERE name IN ('{A}', '{B}') ORDER BY rank LIMIT 1; 结果:"
紫色,红色,红色,"查询: SELECT * FROM colors WHERE name IN ('{A}', '{B}') ORDER BY rank LIMIT 1; 结果:"
紫色,蓝色,紫色,"查询: SELECT * FROM colors WHERE name IN ('{A}', '{B}') ORDER BY rank LIMIT 1; 结果:"
紫色,绿色,绿色,"查询: SELECT * FROM colors WHERE name IN ('{A}', '{B}') ORDER BY rank LIMIT 1; 结果:"
紫色,黄色,紫色,"查询: SELECT * FROM colors WHERE name IN ('{A}', '{B}') ORDER BY rank LIMIT 1; 结果:"
红色,蓝色,蓝色,"YAML:
  option1: {A}
  option2: {B}
  使用: "
红色,绿色,绿色,"YAML:
  option1: {A}
  option2: {B}
  使用: "
红色,黄色,红色,"YAML:
  option1: {A}
  option2: {B}
  使用: "
红色,紫色,紫色,"YAML:
  option1: {A}
  option2: {B}
  使用: "
蓝色,红色,蓝色,"YAML:
  option1: {A}
  option2: {B}
  使用: "
蓝色,绿色,蓝色,"YAML:
  option1: {A}
  option2: {B}
  使用: "
蓝色,黄色,蓝色,"YAML:
  option1: {A}
  option2: {B}
  使用: "
蓝色,紫色,蓝色,"YAML:
  option1: {A}
  option2: {B}
  使用: "
绿色,红色,红色,"YAML:
  option1: {A}
  option2: {B}
  使用: "
绿色,蓝色,蓝色,"YAML:
  option1: {A}
  option2: {B}
  使用: "
绿色,黄色,绿色,"YAML:
  option1: {A}
  option2: {B}
  使用: "
绿色,紫色,紫色,"YAML:
  option1: {A}
  option2: {B}
  使用: "
黄色,红色,红色,"YAML:
  option1: {A}
  option2: {B}
  使用: "
黄色,蓝色,蓝色,"YAML:
  option1: {A}
  option2: {B}
  使用: "
黄色,绿色,绿色,"YAML:
  option1: {A}
  option2: {B}
  使用: "
黄色,紫色,紫色,"YAML:
  option1: {A}
  option2: {B}
  使用: "
紫色,红色,红色,"YAML:
  option1: {A}
  option2: {B}
  使用: "
紫色,蓝色,蓝色,"YAML:
  option1: {A}
  option2: {B}
  使用: "
紫色,绿色,绿色,"YAML:
  option1: {A}
  option2: {B}
  使用: "
紫色,黄色,紫色,"YAML:
  option1: {A}
  option2: {B}
  使用: "
红色,蓝色,红色,... {A} ... {B} ... 选择:
红色,绿色,绿色,... {A} ... {B} ... 选择:
红色,黄色,红色,... {A} ... {B} ... 选择:
红色,紫色,紫色,... {A} ... {B} ... 选择:
蓝色,红色,红色,... {A} ... {B} ... 选择:
蓝色,绿色,绿色,... {A} ... {B} ... 选择:
蓝色,黄色,黄色,... {A} ... {B} ... 选择:
蓝色,紫色,紫色,... {A} ... {B} ... 选择:
绿色,红色,红色,... {A} ... {B} ... 选择:
绿色,蓝色,绿色,... {A} ... {B} ... 选择:
绿色,黄色,绿色,... {A} ... {B} ... 选择:
绿色,紫色,紫色,... {A} ... {B} ... 选择:
黄色,红色,红色,... {A} ... {B} ... 选择:
黄色,蓝色,黄色,... {A} ... {B} ... 选择:
黄色,绿色,绿色,... {A} ... {B} ... 选择:
黄色,紫色,紫色,... {A} ... {B} ... 选择:
紫色,红色,红色,... {A} ... {B} ... 选择:
紫色,蓝色,紫色,... {A} ... {B} ... 选择:
紫色,绿色,绿色,... {A} ... {B} ... 选择:
紫色,黄色,紫色,... {A} ... {B} ... 选择:
红色,蓝色,红色,目标: {A} 或 {B}. 锁定:
红色,绿色,绿色,目标: {A} 或 {B}. 锁定:
红色,黄色,红色,目标: {A} 或 {B}. 锁定:
红色,紫色,紫色,目标: {A} 或 {B}. 锁定:
蓝色,红色,蓝色,目标: {A} 或 {B}. 锁定:
蓝色,绿色,蓝色,目标: {A} 或 {B}. 锁定:
蓝色,黄色,蓝色,目标: {A} 或 {B}. 锁定:
蓝色,紫色,蓝色,目标: {A} 或 {B}. 锁定:
绿色,红色,红色,目标: {A} 或 {B}. 锁定:
绿色,蓝色,绿色,目标: {A} 或 {B}. 锁定:
绿色,黄色,绿色,目标: {A} 或 {B}. 锁定:
绿色,紫色,紫色,目标: {A} 或 {B}. 锁定:
黄色,红色,黄色,目标: {A} 或 {B}. 锁定:
黄色,蓝色,黄色,目标: {A} 或 {B}. 锁定:
黄色,绿色,黄色,目标: {A} 或 {B}. 锁定:
黄色,紫色,黄色,目标: {A} 或 {B}. 锁定:
紫色,红色,红色,目标: {A} 或 {B}. 锁定:
紫色,蓝色,紫色,目标: {A} 或 {B}. 锁定:
紫色,绿色,绿色,目标: {A} 或 {B}. 锁定:
紫色,黄色,紫色,目标: {A} 或 {B}. 锁定:
红色,蓝色,蓝色,状态: {A} | {B}. 当前:
红色,绿色,绿色,状态: {A} | {B}. 当前:
红色,黄色,红色,状态: {A} | {B}. 当前:
红色,紫色,紫色,状态: {A} | {B}. 当前:
蓝色,红色,蓝色,状态: {A} | {B}. 当前:
蓝色,绿色,蓝色,状态: {A} | {B}. 当前:
蓝色,黄色,蓝色,状态: {A} | {B}. 当前:
蓝色,紫色,蓝色,状态: {A} | {B}. 当前:
绿色,红色,红色,状态: {A} | {B}. 当前:
绿色,蓝色,蓝色,状态: {A} | {B}. 当前:
绿色,黄色,绿色,状态: {A} | {B}. 当前:
绿色,紫色,紫色,状态: {A} | {B}. 当前:
黄色,红色,红色,状态: {A} | {B}. 当前:
黄色,蓝色,黄色,状态: {A} | {B}. 当前:
黄色,绿色,黄色,状态: {A} | {B}. 当前:
黄色,紫色,黄色,状态: {A} | {B}. 当前:
紫色,红色,红色,状态: {A} | {B}. 当前:
紫色,蓝色,紫色,状态: {A} | {B}. 当前:
紫色,绿色,绿色,状态: {A} | {B}. 当前:
紫色,黄色,紫色,状态: {A} | {B}. 当前:
红色,蓝色,红色,匹配: {A} 对比 {B}. 赢家:
红色,绿色,绿色,匹配: {A} 对比 {B}. 赢家:
红色,黄色,红色,匹配: {A} 对比 {B}. 赢家:
红色,紫色,紫色,匹配: {A} 对比 {B}. 赢家:
蓝色,红色,蓝色,匹配: {A} 对比 {B}. 赢家:
蓝色,绿色,蓝色,匹配: {A} 对比 {B}. 赢家:
蓝色,黄色,蓝色,匹配: {A} 对比 {B}. 赢家:
蓝色,紫色,蓝色,匹配: {A} 对比 {B}. 赢家:
绿色,红色,红色,匹配: {A} 对比 {B}. 赢家:
绿色,蓝色,绿色,匹配: {A} 对比 {B}. 赢家:
绿色,黄色,绿色,匹配: {A} 对比 {B}. 赢家:
绿色,紫色,紫色,匹配: {A} 对比 {B}. 赢家:
黄色,红色,黄色,匹配: {A} 对比 {B}. 赢家:
黄色,蓝色,黄色,匹配: {A} 对比 {B}. 赢家:
黄色,绿色,黄色,匹配: {A} 对比 {B}. 赢家:
黄色,紫色,黄色,匹配: {A} 对比 {B}. 赢家:
紫色,红色,红色,匹配: {A} 对比 {B}. 赢家:
紫色,蓝色,紫色,匹配: {A} 对比 {B}. 赢家:
紫色,绿色,绿色,匹配: {A} 对比 {B}. 赢家:
紫色,黄色,紫色,匹配: {A} 对比 {B}. 赢家:
红色,蓝色,红色,"优先级: {A}, {B}. 高:"
红色,绿色,绿色,"优先级: {A}, {B}. 高:"
红色,黄色,红色,"优先级: {A}, {B}. 高:"
红色,紫色,紫色,"优先级: {A}, {B}. 高:"
蓝色,红色,红色,"优先级: {A}, {B}. 高:"
蓝色,绿色,绿色,"优先级: {A}, {B}. 高:"
蓝色,黄色,蓝色,"优先级: {A}, {B}. 高:"
蓝色,紫色,紫色,"优先级: {A}, {B}. 高:"
绿色,红色,红色,"优先级: {A}, {B}. 高:"
绿色,蓝色,绿色,"优先级: {A}, {B}. 高:"
绿色,黄色,绿色,"优先级: {A}, {B}. 高:"
绿色,紫色,紫色,"优先级: {A}, {B}. 高:"
黄色,红色,黄色,"优先级: {A}, {B}. 高:"
黄色,蓝色,黄色,"优先级: {A}, {B}. 高:"
黄色,绿色,黄色,"优先级: {A}, {B}. 高:"
黄色,紫色,黄色,"优先级: {A}, {B}. 高:"
紫色,红色,红色,"优先级: {A}, {B}. 高:"
紫色,蓝色,紫色,"优先级: {A}, {B}. 高:"
紫色,绿色,绿色,"优先级: {A}, {B}. 高:"
紫色,黄色,紫色,"优先级: {A}, {B}. 高:"
红色,蓝色,红色,"堆栈: {A}, {B}. 弹出:"
红色,绿色,绿色,"堆栈: {A}, {B}. 弹出:"
红色,黄色,红色,"堆栈: {A}, {B}. 弹出:"
红色,紫色,紫色,"堆栈: {A}, {B}. 弹出:"
蓝色,红色,红色,"堆栈: {A}, {B}. 弹出:"
蓝色,绿色,绿色,"堆栈: {A}, {B}. 弹出:"
蓝色,黄色,黄色,"堆栈: {A}, {B}. 弹出:"
蓝色,紫色,紫色,"堆栈: {A}, {B}. 弹出:"
绿色,红色,红色,"堆栈: {A}, {B}. 弹出:"
绿色,蓝色,绿色,"堆栈: {A}, {B}. 弹出:"
绿色,黄色,绿色,"堆栈: {A}, {B}. 弹出:"
绿色,紫色,紫色,"堆栈: {A}, {B}. 弹出:"
黄色,红色,红色,"堆栈: {A}, {B}. 弹出:"
黄色,蓝色,黄色,"堆栈: {A}, {B}. 弹出:"
黄色,绿色,绿色,"堆栈: {A}, {B}. 弹出:"
黄色,紫色,紫色,"堆栈: {A}, {B}. 弹出:"
紫色,红色,红色,"堆栈: {A}, {B}. 弹出:"
紫色,蓝色,紫色,"堆栈: {A}, {B}. 弹出:"
紫色,绿色,绿色,"堆栈: {A}, {B}. 弹出:"
紫色,黄色,紫色,"堆栈: {A}, {B}. 弹出:"
红色,蓝色,红色,"队列: {A}, {B}. 下一个:"
红色,绿色,绿色,"队列: {A}, {B}. 下一个:"
红色,黄色,红色,"队列: {A}, {B}. 下一个:"
红色,紫色,紫色,"队列: {A}, {B}. 下一个:"
蓝色,红色,红色,"队列: {A}, {B}. 下一个:"
蓝色,绿色,绿色,"队列: {A}, {B}. 下一个:"
蓝色,黄色,黄色,"队列: {A}, {B}. 下一个:"
蓝色,紫色,紫色,"队列: {A}, {B}. 下一个:"
绿色,红色,红色,"队列: {A}, {B}. 下一个:"
绿色,蓝色,绿色,"队列: {A}, {B}. 下一个:"
绿色,黄色,绿色,"队列: {A}, {B}. 下一个:"
绿色,紫色,紫色,"队列: {A}, {B}. 下一个:"
黄色,红色,红色,"队列: {A}, {B}. 下一个:"
黄色,蓝色,黄色,"队列: {A}, {B}. 下一个:"
黄色,绿色,绿色,"队列: {A}, {B}. 下一个:"
黄色,紫色,紫色,"队列: {A}, {B}. 下一个:"
紫色,红色,红色,"队列: {A}, {B}. 下一个:"
紫色,蓝色,紫色,"队列: {A}, {B}. 下一个:"
紫色,绿色,绿色,"队列: {A}, {B}. 下一个:"
紫色,黄色,紫色,"队列: {A}, {B}. 下一个:"
红色,蓝色,红色,环境: {A} 或 {B}. 设置:
红色,绿色,绿色,环境: {A} 或 {B}. 设置:
红色,黄色,红色,环境: {A} 或 {B}. 设置:
红色,紫色,紫色,环境: {A} 或 {B}. 设置:
蓝色,红色,红色,环境: {A} 或 {B}. 设置:
蓝色,绿色,绿色,环境: {A} 或 {B}. 设置:
蓝色,黄色,蓝色,环境: {A} 或 {B}. 设置:
蓝色,紫色,紫色,环境: {A} 或 {B}. 设置:
绿色,红色,红色,环境: {A} 或 {B}. 设置:
绿色,蓝色,绿色,环境: {A} 或 {B}. 设置:
绿色,黄色,绿色,环境: {A} 或 {B}. 设置:
绿色,紫色,紫色,环境: {A} 或 {B}. 设置:
黄色,红色,红色,环境: {A} 或 {B}. 设置:
黄色,蓝色,黄色,环境: {A} 或 {B}. 设置:
黄色,绿色,绿色,环境: {A} 或 {B}. 设置:
黄色,紫色,紫色,环境: {A} 或 {B}. 设置:
紫色,红色,红色,环境: {A} 或 {B}. 设置:
紫色,蓝色,紫色,环境: {A} 或 {B}. 设置:
紫色,绿色,绿色,环境: {A} 或 {B}. 设置:
紫色,黄色,紫色,环境: {A} 或 {B}. 设置:
红色,蓝色,红色,配置文件: {A} / {B}. 活跃:
红色,绿色,绿色,配置文件: {A} / {B}. 活跃:
红色,黄色,红色,配置文件: {A} / {B}. 活跃:
红色,紫色,紫色,配置文件: {A} / {B}. 活跃:
蓝色,红色,红色,配置文件: {A} / {B}. 活跃:
蓝色,绿色,绿色,配置文件: {A} / {B}. 活跃:
蓝色,黄色,蓝色,配置文件: {A} / {B}. 活跃:
蓝色,紫色,紫色,配置文件: {A} / {B}. 活跃:
绿色,红色,红色,配置文件: {A} / {B}. 活跃:
绿色,蓝色,绿色,配置文件: {A} / {B}. 活跃:
绿色,黄色,绿色,配置文件: {A} / {B}. 活跃:
绿色,紫色,紫色,配置文件: {A} / {B}. 活跃:
黄色,红色,黄色,配置文件: {A} / {B}. 活跃:
黄色,蓝色,黄色,配置文件: {A} / {B}. 活跃:
黄色,绿色,绿色,配置文件: {A} / {B}. 活跃:
黄色,紫色,紫色,配置文件: {A} / {B}. 活跃:
紫色,红色,红色,配置文件: {A} / {B}. 活跃:
紫色,蓝色,紫色,配置文件: {A} / {B}. 活跃:
紫色,绿色,绿色,配置文件: {A} / {B}. 活跃:
紫色,黄色,紫色,配置文件: {A} / {B}. 活跃:
红色,蓝色,红色,状态: {A} 对比 {B}. 最终:
红色,绿色,绿色,状态: {A} 对比 {B}. 最终:
红色,黄色,红色,状态: {A} 对比 {B}. 最终:
红色,紫色,紫色,状态: {A} 对比 {B}. 最终:
蓝色,红色,红色,状态: {A} 对比 {B}. 最终:
蓝色,绿色,绿色,状态: {A} 对比 {B}. 最终:
蓝色,黄色,蓝色,状态: {A} 对比 {B}. 最终:
蓝色,紫色,紫色,状态: {A} 对比 {B}. 最终:
绿色,红色,红色,状态: {A} 对比 {B}. 最终:
绿色,蓝色,绿色,状态: {A} 对比 {B}. 最终:
绿色,黄色,绿色,状态: {A} 对比 {B}. 最终:
绿色,紫色,紫色,状态: {A} 对比 {B}. 最终:
黄色,红色,红色,状态: {A} 对比 {B}. 最终:
黄色,蓝色,黄色,状态: {A} 对比 {B}. 最终:
黄色,绿色,绿色,状态: {A} 对比 {B}. 最终:
黄色,紫色,紫色,状态: {A} 对比 {B}. 最终:
紫色,红色,红色,状态: {A} 对比 {B}. 最终:
紫色,蓝色,紫色,状态: {A} 对比 {B}. 最终:
紫色,绿色,绿色,状态: {A} 对比 {B}. 最终:
紫色,黄色,紫色,状态: {A} 对比 {B}. 最终:
